{
  "pelvis": {
    "rotation": [
      [
        0.9999999999999998,
        -3.683697897543117e-19,
        -4.574933050286778e-20
      ],
      [
        4.5749320809344976e-20,
        0.24461504817008967,
        -0.9696201682090757
      ],
      [
        3.6836981560370583e-19,
        0.9696201682090757,
        0.24461504817008967
      ]
    ],
    "translation": [
      4.460559724029611e-20,
      0.9453796640038488,
      -0.23849967196583746
    ],
    "anny_bone": "root"
  },
  "torso": {
    "rotation": [
      [
        0.9999999999999998,
        -1.7050007052186684e-19,
        -1.6557559291670017e-19
      ],
      [
        1.655755799920031e-19,
        0.9995704293251035,
        -0.029299370944499963
      ],
      [
        1.705000446724727e-19,
        0.029299370944499963,
        0.9995704293251035
      ]
    ],
    "translation": [
      0.10281999999999994,
      -0.02015036968385808,
      -0.903898430403441
    ],
    "anny_bone": "spine03"
  },
  "femur_r": {
    "rotation": [
      [
        0.9998824000358579,
        -0.0029515603091567746,
        0.015064647421240803
      ],
      [
        0.0009498954168520866,
        -0.9675661921501157,
        -0.2526156902313232
      ],
      [
        0.015321644023060795,
        0.25260028243064875,
        -0.967449367046356
      ]
    ],
    "translation": [
      -0.04368532899952198,
      0.07791086494135968,
      0.9072524311883555
    ],
    "anny_bone": "upperleg01.R"
  },
  "femur_l": {
    "rotation": [
      [
        0.9998824000358579,
        0.0029515603091567746,
        -0.015064647421240803
      ],
      [
        -0.0009498954168520866,
        -0.9675661921501157,
        -0.2526156902313232
      ],
      [
        -0.015321644023060795,
        0.25260028243064875,
        -0.967449367046356
      ]
    ],
    "translation": [
      0.18754146444363107,
      0.2427584652284135,
      0.8619681597035059
    ],
    "anny_bone": "upperleg01.L"
  },
  "tibia_r": {
    "rotation": [
      [
        0.9949271082878111,
        0.00027644279180094594,
        -0.10060115158557889
      ],
      [
        0.00902650225907564,
        -0.996208071708679,
        0.08653262257575987
      ],
      [
        -0.10019574314355847,
        -0.08700168877840041,
        -0.9911566376686094
      ]
    ],
    "translation": [
      -0.007030789566079498,
      -0.232329077351189,
      0.13999260678141345
    ],
    "anny_bone": "lowerleg01.R"
  },
  "tibia_l": {
    "rotation": [
      [
        0.9949271082878111,
        -0.00027644279180094594,
        0.10060115158557889
      ],
      [
        -0.00902650225907564,
        -0.996208071708679,
        0.08653262257575987
      ],
      [
        0.10019574314355847,
        -0.08700168877840041,
        -0.9911566376686094
      ]
    ],
    "translation": [
      0.1540528975824796,
      -0.06379389303142977,
      0.16962906917440668
    ],
    "anny_bone": "lowerleg01.L"
  },
  "talus_r": {
    "rotation": [
      [
        0.9995511174201963,
        -0.026004750281572335,
        -0.0148877240717411
      ],
      [
        -0.025172933936119073,
        -0.4592195749282836,
        -0.8879660367965696
      ],
      [
        0.016254557296633717,
        0.8879420757293699,
        -0.45966798067092884
      ]
    ],
    "translation": [
      -0.10409238023038435,
      -0.051001448625148035,
      -0.6755726451047998
    ],
    "anny_bone": "foot.R"
  },
  "talus_l": {
    "rotation": [
      [
        0.9995511174201963,
        0.026004750281572335,
        0.0148877240717411
      ],
      [
        0.025172933936119073,
        -0.4592195749282836,
        -0.8879660367965696
      ],
      [
        -0.016254557296633717,
        0.8879420757293699,
        -0.45966798067092884
      ]
    ],
    "translation": [
      0.2473162241433553,
      0.031021124592698707,
      -0.8293814598099369
    ],
    "anny_bone": "foot.L"
  },
  "humerus_r": {
    "rotation": [
      [
        -0.5579974651336669,
        0.20319418609142298,
        -0.80458128452301
      ],
      [
        0.15752187371253965,
        0.9778661131858823,
        0.13771116733551023
      ],
      [
        0.8147546052932737,
        -0.04989661276340483,
        -0.5776541233062743
      ]
    ],
    "translation": [
      1.053699286612232,
      -0.0944848469239471,
      1.392683397445337
    ],
    "anny_bone": "shoulder01.R"
  },
  "humerus_l": {
    "rotation": [
      [
        -0.5579974651336669,
        -0.20319418609142298,
        0.80458128452301
      ],
      [
        -0.15752187371253965,
        0.9778661131858823,
        0.13771116733551023
      ],
      [
        -0.8147546052932737,
        -0.04989661276340483,
        -0.5776541233062743
      ]
    ],
    "translation": [
      -1.090222103701035,
      -0.48400110227584864,
      1.2489533053337172
    ],
    "anny_bone": "shoulder01.L"
  },
  "ulna_r": {
    "rotation": [
      [
        -0.7270715832710265,
        -0.46499085426330555,
        -0.5051239132881163
      ],
      [
        0.03371217474341392,
        0.7106627225875853,
        -0.7027243971824645
      ],
      [
        0.6857330203056334,
        -0.527959644794464,
        -0.501026690006256
      ]
    ],
    "translation": [
      0.09637353016700079,
      0.8313393424983566,
      0.7756750488895552
    ],
    "anny_bone": "lowerarm01.R"
  },
  "ulna_l": {
    "rotation": [
      [
        -0.7270715832710265,
        0.46499085426330555,
        0.5051239132881163
      ],
      [
        -0.03371217474341392,
        0.7106627225875853,
        -0.7027243971824645
      ],
      [
        -0.6857330203056334,
        -0.527959644794464,
        -0.501026690006256
      ]
    ],
    "translation": [
      -0.37833649975256356,
      0.5813809255092194,
      0.8419901582620364
    ],
    "anny_bone": "lowerarm01.L"
  },
  "hand_r": {
    "rotation": [
      [
        -0.7672988176345823,
        -0.5511419773101806,
        -0.3278647363185882
      ],
      [
        -0.05946165323257445,
        0.5701998472213744,
        -0.8193507194519041
      ],
      [
        0.6385276317596434,
        -0.6091911196708678,
        -0.47028490900993336
      ]
    ],
    "translation": [
      -0.36475550895137665,
      0.5707331818332096,
      0.46259995905235163
    ],
    "anny_bone": "wrist.R"
  },
  "hand_l": {
    "rotation": [
      [
        -0.7672988176345823,
        0.5511419773101806,
        0.3278647363185882
      ],
      [
        0.05946165323257445,
        0.5701998472213744,
        -0.8193507194519041
      ],
      [
        -0.6385276317596434,
        -0.6091911196708678,
        -0.47028490900993336
      ]
    ],
    "translation": [
      -0.0284718943774806,
      0.3365885303122137,
      0.5963936144477211
    ],
    "anny_bone": "wrist.L"
  }
}